<?xml version="1.0" encoding="UTF-8"?>

<ROOT>
    <sprite n="Frame0.png" x="0" y="0" w="108" h="149"/>
    <sprite n="Frame1.png" x="108" y="0" w="108" h="149"/>
    <sprite n="Frame2.png" x="216" y="0" w="108" h="149"/>
    <sprite n="Frame3.png" x="324" y="0" w="108" h="149"/>
    <sprite n="Frame4.png" x="432" y="0" w="108" h="149"/>
    <sprite n="Frame5.png" x="540" y="0" w="108" h="149"/>
    <sprite n="Frame6.png" x="648" y="0" w="108" h="149"/>
    <sprite n="Frame7.png" x="756" y="0" w="108" h="149"/>
    <sprite n="Frame8.png" x="864" y="0" w="108" h="149"/>
    <sprite n="Frame9.png" x="972" y="0" w="108" h="149"/>
    <sprite n="Frame10.png" x="1080" y="0" w="108" h="149"/>
    <sprite n="Frame11.png" x="1188" y="0" w="108" h="149"/>
    <sprite n="Frame12.png" x="1296" y="0" w="108" h="149"/>
    <sprite n="Frame13.png" x="1404" y="0" w="108" h="149"/>
    <sprite n="Frame14.png" x="1512" y="0" w="108" h="149"/>
    <sprite n="Frame15.png" x="1620" y="0" w="108" h="149"/>
    <sprite n="Frame16.png" x="1728" y="0" w="108" h="149"/>
    <sprite n="Frame17.png" x="1836" y="0" w="108" h="149"/>
    <sprite n="Frame18.png" x="0" y="149" w="108" h="149"/>
    <sprite n="Frame19.png" x="108" y="149" w="108" h="149"/>
    <sprite n="Frame20.png" x="216" y="149" w="108" h="149"/>
    <sprite n="Frame21.png" x="324" y="149" w="108" h="149"/>
    <sprite n="Frame22.png" x="432" y="149" w="108" h="149"/>
    <sprite n="Frame23.png" x="540" y="149" w="108" h="149"/>
    <sprite n="Frame24.png" x="648" y="149" w="108" h="149"/>
    <sprite n="Frame25.png" x="756" y="149" w="108" h="149"/>
    <sprite n="Frame26.png" x="864" y="149" w="108" h="149"/>
    <sprite n="Frame27.png" x="972" y="149" w="108" h="149"/>
    <sprite n="Frame28.png" x="1080" y="149" w="108" h="149"/>
    <sprite n="Frame29.png" x="1188" y="149" w="108" h="149"/>
    <sprite n="Frame30.png" x="1296" y="149" w="108" h="149"/>
    <sprite n="Frame31.png" x="1404" y="149" w="108" h="149"/>
    <sprite n="Frame32.png" x="1512" y="149" w="108" h="149"/>
    <sprite n="Frame33.png" x="1620" y="149" w="108" h="149"/>
    <sprite n="Frame34.png" x="1728" y="149" w="108" h="149"/>
    <sprite n="Frame35.png" x="1836" y="149" w="108" h="149"/>
    <sprite n="Frame36.png" x="0" y="298" w="108" h="149"/>
    <sprite n="Frame37.png" x="108" y="298" w="108" h="149"/>
    <sprite n="Frame38.png" x="216" y="298" w="108" h="149"/>
    <sprite n="Frame39.png" x="324" y="298" w="108" h="149"/>
    <sprite n="Frame40.png" x="432" y="298" w="108" h="149"/>
    <sprite n="Frame41.png" x="540" y="298" w="108" h="149"/>
    <sprite n="Frame42.png" x="648" y="298" w="108" h="149"/>
    <sprite n="Frame43.png" x="756" y="298" w="108" h="149"/>
    <sprite n="Frame44.png" x="864" y="298" w="108" h="149"/>
    <sprite n="Frame45.png" x="972" y="298" w="108" h="149"/>
    <sprite n="Frame46.png" x="1080" y="298" w="108" h="149"/>
    <sprite n="Frame47.png" x="1188" y="298" w="108" h="149"/>
    <sprite n="Frame48.png" x="1296" y="298" w="108" h="149"/>
    <sprite n="Frame49.png" x="1404" y="298" w="108" h="149"/>
    <sprite n="Frame50.png" x="1512" y="298" w="108" h="149"/>
    <sprite n="Frame51.png" x="1620" y="298" w="108" h="149"/>
    <sprite n="Frame52.png" x="1728" y="298" w="108" h="149"/>
    <sprite n="Frame53.png" x="1836" y="298" w="108" h="149"/>
    <sprite n="Frame54.png" x="0" y="447" w="108" h="149"/>
    <sprite n="Frame55.png" x="108" y="447" w="108" h="149"/>
    <sprite n="Frame56.png" x="216" y="447" w="108" h="149"/>
    <sprite n="Frame57.png" x="324" y="447" w="108" h="149"/>
    <sprite n="Frame58.png" x="432" y="447" w="108" h="149"/>
    <sprite n="Frame59.png" x="540" y="447" w="108" h="149"/>
</ROOT>
